title,date_published
"Home costs up, energy down under new Calif rules",2012_06_02
Romney net worth remains near $250 million,2012_06_02
NY's Aqueduct convention center plan won't fly,2012_06_02
Jobs report weakens Obama's election argument,2012_06_02
"In California, it's Big Tobacco vs Lance Armstrong",2012_06_02
Smart Balance to buy Udi's Healthy Foods for $125M,2012_06_02
Clinton talks cooperation in resource-rich Arctic,2012_06_02
FACT CHECK: Romney misses a mark on Solyndra claim,2012_06_02
Chinese developer unveils replica Austrian village,2012_06_02
Queen's jubilee a fiesta for souvenir-sellers,2012_06_02
Risks of boomerangs a reality in world of cyberwar,2012_06_02
Outcry over Romney's Mass. affirmative action move,2012_06_02
Clinton urges cooperation in resource-rich Arctic,2012_06_02
Obama to Congress: Act now on bills to aid economy,2012_06_02
"Pa. to remain center of gas drilling, experts say",2012_06_02
Report: JPMorgan returns $600M of MF Global funds,2012_06_02
Fisker expands recall of plug-in hybrid Karma,2012_06_02
US employers waiting and watching before hiring,2012_06_02
